{"cameraMode":{"drawMode":0,"name":"Shaded","section":"Shading Mode"},"sceneLighting":false,"audioPlay":false,"sceneViewState":{"showFog":false,"showMaterialUpdate":false,"showSkybox":false,"showFlares":false,"showImageEffects":false,"showParticleSystems":false},"in2DMode":false,"pivot":{"x":2.9802322387695315e-8,"y":0.0,"z":-4.470348358154297e-8},"rotation":{"x":-0.00019785707991104573,"y":0.9978184700012207,"z":-0.06595182418823242,"w":-0.0029934686608612539},"size":0.2239590883255005,"orthographic":false}